Customer ID,Country,Total_Purchases,Sign_up_Date,Loyalty_Score
1015,Palestinian Territory,12,2022-04-03 21:42:29,2
1029,China,47,2016-01-08 03:13:12,3
1025,Nigeria,10,2023-02-20 19:06:14,2
1006,United Kingdom,48,2022-05-26 12:46:35,3
1024,Philippines,16,2016-12-13 03:44:04,2
1033,Indonesia,20,2016-05-26 22:29:44,2
1017,Paraguay,14,2022-09-08 16:30:56,2
1035,Honduras,15,2021-04-14 18:55:03,2
1029,Argentina,14,,2
1014,China,3,,1
1017,Peru,31,2023-01-07 16:20:18,3
1033,Russia,13,2016-08-16 18:47:43,2
1018,Macedonia,30,2017-03-01 23:49:09,3
1017,Poland,43,2018-11-14 18:47:32,3
1000,Indonesia,7,2023-11-05 04:59:29,1
1026,Serbia,35,,3
1010,Iran,12,2019-04-27 13:07:33,2
1002,Syria,45,2022-09-30 01:55:04,3
1010,Philippines,29,2022-06-20 01:25:55,3
1004,Dominican Republic,15,2019-07-04 11:11:43,2
1023,China,26,2018-12-25 07:00:32,3
1018,Russia,5,,1
1030,Georgia,43,2017-01-09 15:41:48,3
1011,Indonesia,28,2015-06-23 21:28:17,3
1025,United States,33,2019-11-15 06:48:51,3
1011,Portugal,11,2018-11-22 18:17:52,2
1025,Brazil,34,2019-04-26 02:37:16,3
1019,Brazil,4,2022-12-04 16:38:07,1
1009,Lebanon,15,2018-08-09 09:08:47,2
1000,Jamaica,3,2019-01-02 02:54:55,2
1032,Egypt,24,2018-03-06 03:30:05,3
1025,China,12,2017-07-19 23:44:55,2
1011,United States,13,2019-09-15 05:22:50,2
1033,Azerbaijan,1,2016-04-20 14:46:40,2
1011,Russia,26,2017-12-07 08:03:34,3
1011,China,12,2015-07-08 13:46:11,2
1026,Angola,1,2016-12-13 15:42:47,2
1025,Russia,41,2017-09-01 10:12:41,3
1015,Russia,47,2018-01-18 09:30:47,3
1013,Indonesia,19,2015-04-03 05:42:24,2
1016,Colombia,35,2021-02-06 01:56:09,3
1012,China,40,2023-03-31 08:00:14,3
1034,Japan,41,2021-08-22 22:16:23,3
1004,China,8,2023-01-07 05:26:24,1
1034,China,16,2015-07-30 21:34:35,2
1028,Nigeria,32,2017-12-11 03:36:31,3
1011,Indonesia,11,2016-06-07 19:26:37,2
1011,Guatemala,24,2021-04-24 07:35:17,3
1014,Brazil,45,,3
1030,Republic of the Congo,21,2016-03-03 02:30:01,3
1021,Brazil,12,2021-02-14 04:34:51,2
1024,Bulgaria,31,2018-07-15 11:22:30,3
1011,Greece,16,2022-08-02 05:30:14,2
1028,Russia,1,2015-10-08 23:23:59,2
1000,Indonesia,18,2023-10-24 10:40:41,2
1020,Lebanon,46,2024-01-27 00:36:20,3
1025,China,8,2018-05-16 18:31:34,2
1024,China,35,2019-05-02 22:37:24,3
1001,Peru,35,2023-02-12 01:34:01,3
1010,Czech Republic,9,2017-12-04 09:18:22,2
1029,China,44,2021-09-24 07:26:41,3
1008,France,27,2017-11-15 19:42:48,3
1014,Philippines,47,2023-05-10 22:53:55,3
1000,Madagascar,28,2016-11-07 02:27:16,3
1019,Madagascar,7,2021-06-27 23:45:52,2
1026,France,34,2017-05-03 00:26:29,3
1001,Russia,45,2017-08-06 09:46:41,3
1013,China,47,2018-03-31 04:31:27,3
1029,Laos,6,2018-06-12 12:50:35,2
1019,Japan,43,2022-07-15 10:21:19,3
1009,Brazil,42,2017-04-23 20:58:15,3
1007,Russia,10,2016-02-10 04:20:23,2
1028,China,21,2019-11-13 02:16:43,3
1003,Indonesia,1,,1
1032,Russia,40,2023-03-28 10:09:32,3
1030,Indonesia,36,2022-08-23 07:45:59,3
1014,Sweden,16,2015-10-06 10:14:42,2
1005,Poland,3,2021-01-12 01:23:50,2
1016,Sweden,47,2017-05-10 05:49:34,3
1015,China,31,2022-06-18 15:46:54,3
1018,China,1,2018-06-18 04:14:11,2
1012,France,7,2022-04-18 00:59:16,1
1021,France,8,2019-10-17 16:39:20,2
1019,Slovenia,43,2023-07-08 13:10:54,3
1007,Indonesia,29,2023-11-25 17:46:32,3
1003,Indonesia,25,2019-03-07 23:30:26,3
1016,Peru,42,2021-09-01 20:45:15,3
1034,Bolivia,3,2016-11-17 16:05:09,2
1005,Indonesia,40,2016-08-20 00:07:02,3
1029,China,10,2023-02-28 01:35:20,2
1014,China,37,2019-11-21 06:33:00,3
1015,China,8,2021-07-29 17:42:24,2
1015,Argentina,45,2019-07-27 02:56:14,3
1016,Brazil,27,2021-01-09 18:33:36,3
1007,Syria,1,2023-07-28 21:28:27,1
1023,Dominican Republic,20,2017-04-13 07:53:47,2
1035,China,38,2017-01-24 15:24:21,3
1026,Argentina,42,,3
1017,Finland,24,2021-03-02 10:31:54,3
1023,Indonesia,23,2019-02-15 01:54:36,3
1018,Afghanistan,3,2018-02-28 10:53:30,2
1010,Morocco,24,2018-12-29 11:13:37,3
1022,Portugal,45,2022-09-30 12:41:45,3
1023,Indonesia,12,2019-02-05 18:49:18,2
1017,Yemen,13,2016-03-05 16:44:07,2
1029,China,4,2019-04-04 10:02:42,2
1008,Ukraine,37,,3
1016,China,24,2017-11-08 22:29:39,3
1011,Czech Republic,37,2024-02-29 22:35:54,3
1012,Azerbaijan,30,2023-09-20 20:08:12,3
1014,Argentina,10,2021-08-08 09:29:52,2
1000,Venezuela,31,,3
1018,China,9,2017-03-09 21:50:35,2
1004,Somalia,39,2019-01-29 14:31:45,3
1011,Ukraine,23,2021-01-08 09:22:41,3
1033,France,30,2023-01-01 01:06:31,3
1033,Norway,47,,3
1029,Democratic Republic of the Congo,2,2018-05-08 01:42:03,2
1017,Portugal,32,2022-03-28 06:12:59,3
1023,Brazil,21,2015-12-11 14:51:21,3
1029,Guatemala,41,2017-05-29 09:02:53,3
1034,Russia,7,2023-09-05 21:35:15,1
1008,France,19,2017-07-11 08:16:08,2
1017,Sweden,2,2018-03-29 12:31:16,2
1032,Philippines,34,2017-09-01 23:42:32,3
1034,Ivory Coast,17,2021-04-17 05:04:04,2
1008,Mongolia,28,2021-09-19 09:27:41,3
1001,Mauritius,15,2019-12-15 23:25:05,2
1004,Ireland,27,2018-03-16 11:35:02,3
1018,Indonesia,16,2018-05-01 03:26:00,2
1025,China,29,2017-10-06 02:43:13,3
1001,China,40,2022-02-07 20:52:30,3
1031,Ireland,31,2018-05-24 19:19:29,3
1009,Nigeria,10,2017-09-07 15:02:25,2
1016,China,4,2023-06-27 18:20:21,1
1029,China,46,2017-01-26 00:53:19,3
1019,Poland,35,2021-03-09 00:13:13,3
1011,Russia,39,2021-01-15 17:42:43,3
1000,Argentina,11,2019-05-27 19:16:12,2
1032,Yemen,15,2018-10-10 20:28:30,2
1002,Canada,36,,3
1013,Indonesia,41,2016-02-27 16:36:48,3
1016,Netherlands,30,2022-12-27 10:54:56,3
1003,Philippines,14,2017-12-25 10:51:25,2
1018,Poland,39,2021-07-27 07:55:59,3
1027,Swaziland,4,2016-12-08 17:22:28,2
1025,Slovenia,6,2018-09-25 08:00:49,2
1011,Turkmenistan,9,2022-05-18 01:12:14,1
1018,China,35,2023-06-12 05:17:27,3
1013,Peru,2,2021-10-25 10:13:06,2
1000,Kyrgyzstan,11,2015-07-30 20:25:06,2
1002,Indonesia,45,2017-03-14 09:50:16,3
1033,Russia,34,2018-01-06 11:32:00,3
1004,China,47,2021-07-17 18:15:10,3
1013,Russia,20,2021-07-05 01:10:24,2
1031,Finland,39,2022-01-06 06:52:42,3
1026,Indonesia,14,2017-11-10 08:48:25,2
1029,China,24,2023-10-10 03:51:20,3
1034,Ukraine,19,2017-09-08 00:50:55,2
1001,Indonesia,12,2017-11-21 06:19:29,2
1024,Czech Republic,25,2017-07-12 16:32:23,3
1009,Peru,32,2021-06-02 14:33:48,3
1023,Russia,9,2018-07-23 16:52:58,2
1030,Madagascar,14,,2
1024,Sweden,18,2021-12-22 05:40:17,2
1002,Japan,39,2017-03-27 15:48:23,3
1035,China,37,,3
1035,Indonesia,17,2017-07-23 20:47:46,2
1027,Colombia,22,,3
1013,Croatia,9,,1
1025,China,20,2015-07-24 08:22:27,2
1017,Indonesia,31,2015-06-17 16:11:30,3
1035,China,39,2021-11-01 12:13:11,3
1030,Indonesia,39,2017-07-16 22:04:35,3
1032,Russia,6,2023-01-19 14:06:34,1
1014,Philippines,13,2015-09-29 00:58:45,2
1035,Belarus,45,2021-08-29 04:02:35,3
1026,China,11,,2
1031,Brazil,4,2023-09-10 14:21:02,1
1021,Indonesia,44,2022-12-31 15:19:06,3
1021,Indonesia,30,2017-01-14 07:08:52,3
1035,China,38,2021-09-04 05:58:11,3
1009,Malaysia,45,,3
1026,Uganda,1,2021-07-28 13:17:47,2
1022,China,32,2022-04-30 03:43:52,3
1028,Portugal,17,2023-02-11 02:36:41,2
1014,Poland,1,2021-02-03 20:46:20,2
1031,Indonesia,23,2015-11-28 14:50:25,3
1022,Slovenia,42,2018-09-01 16:29:28,3
1005,Bulgaria,44,2022-01-14 14:44:27,3
1003,Japan,23,,3
1031,China,46,2023-04-12 11:22:10,3
1000,Honduras,6,,1
1035,Argentina,19,2022-04-13 22:10:12,2
1031,China,46,2018-06-19 19:19:27,3
1035,Russia,19,,2
1022,Poland,8,2022-04-22 04:46:51,1
1004,Philippines,15,2019-10-19 05:13:19,2
1003,Ireland,35,2016-08-13 15:18:36,3
1014,Canada,5,2023-12-22 05:13:35,1
1026,Brazil,25,2022-08-02 23:31:56,3
1009,Indonesia,31,2017-02-24 12:00:11,3
1032,Portugal,9,2017-12-08 21:08:42,2
1024,China,30,2024-02-19 23:40:23,3
1034,China,25,2016-01-14 15:16:06,3
1003,Nigeria,35,2022-07-12 13:29:48,3
1008,Morocco,13,2017-03-01 03:22:25,2
1011,Vanuatu,22,2019-01-04 20:55:06,3
1024,Bulgaria,24,2016-01-29 01:59:48,3
1021,China,4,2017-03-29 11:49:49,2
1012,Brazil,2,2021-04-01 06:02:33,2
1033,Philippines,26,2018-08-23 20:28:57,3
1021,Niger,30,2021-04-27 14:21:50,3
1032,Belgium,9,2016-04-28 07:57:21,2
1025,Czech Republic,34,2017-08-30 08:07:17,3
1033,Finland,4,2022-03-06 18:24:30,2
1026,Colombia,32,2019-03-08 10:27:12,3
1004,China,1,2018-02-06 12:24:06,2
1016,Philippines,23,2018-11-04 06:19:43,3
1028,Peru,2,,1
1006,Brazil,30,2019-01-12 05:53:47,3
1005,Poland,41,,3
1000,China,34,2023-07-04 00:28:39,3
1004,Norway,32,2023-09-16 06:35:29,3
1027,Indonesia,5,2019-05-20 06:47:50,2
1009,China,23,,3
1027,China,38,2022-02-17 09:15:58,3
1007,Nigeria,17,2019-07-02 05:11:34,2
1002,Indonesia,15,2023-07-21 13:54:12,2
1006,Ethiopia,13,2017-08-20 13:53:23,2
1003,Thailand,7,2019-01-26 05:55:55,2
1026,Hungary,17,2023-02-10 06:09:24,2
1033,Indonesia,19,2016-05-09 13:28:06,2
1003,Bermuda,3,2016-12-12 08:13:59,2
1017,Indonesia,47,2016-12-15 20:59:37,3
1028,Canada,44,2022-01-27 13:12:10,3
1026,Indonesia,48,2017-01-13 05:23:53,3
1030,Sweden,33,2016-03-18 21:28:36,3
1018,Colombia,10,2022-11-29 19:52:46,2
1018,China,42,2018-08-01 04:27:18,3
1031,China,25,2017-06-10 21:42:14,3
1021,Ukraine,19,2019-07-06 09:57:15,2
1034,France,17,2024-01-03 12:07:32,2
1006,Indonesia,28,2016-01-22 14:06:54,3
1027,China,14,2023-08-16 23:54:16,2
1032,China,22,2016-05-30 00:49:17,3
1010,Indonesia,44,2019-06-21 07:21:05,3
1007,Nigeria,43,2017-09-13 23:48:37,3
1000,China,21,,3
1008,China,17,2021-05-17 01:10:14,2
1019,Nigeria,26,2019-04-26 16:31:38,3
1007,China,45,2016-03-20 10:31:21,3
1028,Brazil,36,2015-11-21 21:42:13,3
1017,Indonesia,29,2022-02-08 15:45:56,3
1035,Russia,48,2022-07-21 05:36:50,3
1030,Azerbaijan,6,2019-07-19 13:46:44,2
1028,Lebanon,9,,1
1010,Afghanistan,20,2017-03-05 17:33:23,2
1022,Portugal,9,2015-06-05 07:46:03,2
1028,Vietnam,4,2019-05-08 03:52:24,2
1025,Argentina,35,2016-10-09 07:55:24,3
1009,China,45,2016-04-18 03:42:48,3
1007,Democratic Republic of the Congo,36,2023-10-08 20:35:23,3
1012,Russia,20,,2
1026,China,14,2017-05-21 10:53:34,2
1034,Trinidad and Tobago,13,2016-10-06 20:46:39,2
1031,Armenia,41,2015-05-21 19:24:16,3
1018,Macedonia,22,,3
1027,China,8,2016-05-22 18:21:21,2
1030,Russia,22,2015-09-19 08:47:36,3
1016,Canada,33,2023-01-12 02:56:16,3
1023,Indonesia,12,2019-03-15 22:49:54,2
1008,Russia,3,2016-06-03 14:17:38,2
1013,Armenia,32,2016-04-13 06:33:56,3
1025,China,23,2021-07-29 02:02:27,3
1014,Japan,22,2023-11-01 14:05:54,3
1033,Argentina,16,2018-12-23 09:10:31,2
1015,Peru,25,2015-07-07 17:10:23,3
1010,China,35,2018-05-29 05:42:56,3
1030,Lithuania,32,2018-09-17 14:19:52,3
1028,Philippines,11,,2
1004,Colombia,38,,3
1015,Slovenia,7,2017-09-10 04:27:07,2
1006,Chile,8,2015-07-31 20:32:25,2
1007,Albania,3,2018-06-01 02:04:31,2
1003,Ukraine,46,2021-12-26 17:42:24,3
1008,Indonesia,19,2016-12-11 14:51:46,2
1023,Indonesia,10,2016-10-23 09:02:44,2
1023,France,21,2022-06-09 00:26:42,3
1008,Pakistan,35,2015-07-22 15:57:09,3
1020,United Kingdom,9,2023-08-22 02:34:37,1
1010,Sweden,4,2019-03-19 06:50:22,2
1033,Portugal,43,2015-04-19 13:56:53,3
1002,Vietnam,22,2019-09-21 09:40:44,3
1031,Indonesia,9,2017-12-27 22:15:58,2
1015,Brazil,14,2015-07-17 00:56:29,2
1008,Aruba,11,2019-09-27 12:12:38,2
1029,Indonesia,30,2016-04-28 10:19:27,3
1019,China,41,,3
1029,Portugal,22,2019-10-27 08:43:36,3
1017,China,48,2017-02-01 00:08:04,3
1000,Brazil,16,2023-10-20 06:52:01,2
1034,Indonesia,48,,3
1033,Sierra Leone,2,2016-08-24 16:13:24,2
1018,Colombia,43,,3
1006,Cameroon,16,2016-05-25 16:04:27,2
1026,China,4,2019-05-31 21:42:11,2
1021,Indonesia,47,2019-12-29 16:32:10,3
1000,Fiji,44,2024-02-07 11:50:49,3
1034,Russia,5,,1
1026,China,28,2021-07-31 20:24:48,3
1011,Cuba,43,,3
1022,Indonesia,34,2018-06-01 20:19:18,3
1029,Russia,45,2015-04-14 00:05:50,3
1009,Sri Lanka,1,2023-05-06 15:33:49,1
1012,Bolivia,3,2021-07-11 04:18:33,2
1018,France,16,2016-06-28 00:41:26,2
1012,Cambodia,38,2019-02-06 15:41:08,3
1024,China,17,,2
1006,China,28,2019-12-13 07:01:09,3
1000,Indonesia,7,2019-08-17 14:14:07,2
1027,Brazil,4,2024-02-02 05:54:00,1
1032,Portugal,29,2018-03-10 16:08:46,3
1002,Brazil,15,2022-11-08 00:32:41,2
1005,Russia,9,2021-06-11 07:37:08,2
1027,Indonesia,25,2022-01-20 04:44:19,3
1006,Latvia,27,,3
1022,China,47,2016-01-08 05:39:14,3
1002,China,17,2021-06-16 01:56:17,2
1013,China,16,2019-01-17 17:00:39,2
1021,Russia,19,2015-10-17 12:10:13,2
1029,Poland,35,2021-02-09 01:23:37,3
1023,France,38,2015-07-12 02:07:59,3
1007,Brazil,10,,2
1025,Indonesia,18,2017-10-17 23:10:36,2
1024,Egypt,38,2019-01-23 01:48:09,3
1009,China,22,2021-06-07 05:49:57,3
1007,China,46,2019-04-14 18:33:32,3
1005,Indonesia,10,2018-11-18 17:59:56,2
1035,Ethiopia,1,2015-10-19 09:22:36,2
1016,Panama,30,,3
1002,Russia,36,2022-06-01 23:49:32,3
1024,Russia,45,2016-11-07 18:28:09,3
1024,Greece,45,2018-07-25 14:21:30,3
1000,Uzbekistan,26,2021-06-27 18:45:23,3
1000,Indonesia,30,2019-06-23 20:54:46,3
1005,China,31,2018-08-16 11:55:26,3
1012,Hungary,44,2016-03-23 22:18:12,3
1023,Finland,20,2018-12-22 17:53:22,2
1004,Indonesia,29,2021-10-19 04:09:18,3
1032,Czech Republic,41,2023-11-03 00:37:39,3
1033,Indonesia,14,,2
1011,China,36,2022-08-28 18:47:05,3
1025,Ethiopia,37,2018-05-02 21:19:27,3
1014,Philippines,23,2016-10-27 20:52:36,3
1000,Brazil,15,2023-03-07 05:17:01,2
1024,Philippines,5,2018-10-19 22:14:22,2
1017,Indonesia,23,2022-02-15 15:15:32,3
1015,United States,13,2022-12-17 11:40:43,2
1019,China,13,2022-01-27 03:39:56,2
1016,Sweden,4,2016-09-14 20:06:09,2
1018,Indonesia,38,2019-04-27 00:51:14,3
1021,Poland,10,2023-04-22 22:41:12,2
1003,Bosnia and Herzegovina,46,2016-02-21 21:21:14,3
1025,Czech Republic,39,2022-09-01 03:01:16,3
1015,Russia,18,2015-12-05 19:23:25,2
1014,Indonesia,37,,3
1011,China,5,,1
1012,Ukraine,43,2019-10-29 14:20:28,3
1023,Czech Republic,10,2023-07-15 07:25:18,2
1032,Indonesia,45,,3
1017,Indonesia,37,2019-05-17 10:03:47,3
1030,Indonesia,8,2021-08-08 18:10:39,2
1014,Myanmar,8,,1
1032,Mongolia,43,2019-12-21 22:20:41,3
1002,China,30,,3
1033,Poland,48,2022-01-04 21:30:23,3
1005,Brazil,2,2018-03-29 03:25:26,2
1030,Philippines,1,2015-09-27 09:56:21,2
1009,China,3,2021-04-09 16:01:54,2
1008,Sweden,47,2015-08-29 19:25:25,3
1018,Ecuador,5,2018-01-22 06:37:41,2
1033,China,13,2016-07-04 13:16:09,2
1035,Sweden,13,2016-01-08 21:27:22,2
1017,Brazil,34,2019-12-02 16:00:10,3
1025,France,31,2019-05-31 12:39:02,3
1003,China,35,2017-03-14 13:26:23,3
1021,Indonesia,36,2018-10-30 02:46:55,3
1008,Mauritius,33,2021-05-19 08:39:18,3
1015,Indonesia,22,,3
1027,Russia,30,2023-10-15 00:59:07,3
1002,China,16,2017-08-05 19:55:45,2
1005,China,29,2021-02-27 16:50:17,3
1023,China,3,2023-11-28 03:00:03,1
1034,Uganda,6,2015-11-25 17:10:58,2
1008,Japan,32,2016-09-21 20:27:21,3
1015,China,32,2017-04-30 11:45:06,3
1033,United States,10,,2
1000,China,41,2021-12-15 12:55:37,3
1014,Luxembourg,38,2015-12-24 09:14:28,3
1028,Portugal,4,2016-10-11 12:12:40,2
1020,South Africa,21,2016-02-09 08:31:35,3
1018,France,42,2016-11-16 16:53:24,3
1000,China,25,2015-12-26 22:59:44,3
1008,Russia,3,2022-03-24 15:00:16,1
1013,China,36,2018-08-30 17:58:35,3
1035,Czech Republic,6,2023-01-24 18:09:35,1
1013,Portugal,26,2017-09-09 11:03:50,3
1024,China,31,2021-06-06 00:29:51,3
1028,Thailand,11,2015-08-10 01:08:10,2
1015,Iran,36,2022-03-03 17:28:47,3
1029,Indonesia,40,,3
1025,Ecuador,32,2015-05-27 19:40:51,3
1021,China,14,2018-05-17 19:42:59,2
1005,United States,42,2016-01-09 05:52:40,3
1032,China,29,2019-03-04 21:34:56,3
1003,China,21,2016-12-22 01:52:01,3
1001,France,17,2023-12-15 05:30:20,2
1009,China,24,2023-03-13 23:55:31,3
1007,South Africa,23,2024-02-23 07:39:08,3
1012,Philippines,17,,2
1022,Japan,15,2023-06-10 20:47:52,2
1033,China,3,2023-06-22 19:06:15,1
1031,China,26,2021-11-25 05:41:41,3
1025,Canada,34,,3
1011,Palestinian Territory,10,2023-10-01 07:06:20,2
1028,United Kingdom,11,2017-04-18 21:14:42,2
1013,Greece,18,2023-04-06 06:32:10,2
1017,Russia,41,,3
1005,Indonesia,35,2016-07-27 10:45:19,3
1003,Russia,25,,3
1029,Indonesia,18,2021-04-11 08:51:49,2
1005,Portugal,20,2015-12-13 03:00:15,2
1035,Philippines,36,2021-11-01 09:31:09,3
1004,China,47,2017-11-13 09:43:41,3
1007,China,45,2021-11-19 18:55:20,3
1029,Nigeria,39,2022-03-25 19:20:39,3
1014,Poland,29,2016-02-02 06:07:56,3
1003,Philippines,38,2023-11-25 12:15:41,3
1029,Poland,2,2024-01-11 08:23:15,1
1029,Russia,7,2016-11-27 04:45:11,2
1026,Iran,47,2023-09-23 09:32:23,3
1003,China,46,2021-08-14 11:17:57,3
1018,China,44,,3
1011,Philippines,5,,1
1032,Russia,5,,1
1025,Thailand,17,2018-08-21 15:47:29,2
1002,Philippines,15,2023-09-30 12:50:53,2
1021,Croatia,26,2021-05-21 07:30:33,3
1034,Brazil,46,,3
1024,Indonesia,3,2023-05-09 12:45:00,1
1013,Azerbaijan,4,2022-03-17 05:18:16,2
1026,Philippines,2,2016-08-17 03:51:11,2
1019,China,47,2022-05-11 12:20:05,3
1007,Indonesia,18,,2
1021,Peru,19,2019-06-02 11:47:13,2
1029,China,33,,3
1033,China,27,2016-11-11 16:15:57,3
1001,Portugal,2,2018-03-14 19:47:29,2
1021,Bulgaria,15,2019-11-13 07:26:03,2
1027,Indonesia,41,2017-01-05 21:33:49,3
1030,United States,28,2023-05-13 10:15:00,3
1021,Niger,31,2022-06-12 20:09:06,3
1016,Russia,13,2017-11-20 23:08:36,2
1026,Japan,41,,3
1009,Lithuania,26,2018-10-22 10:31:34,3
1009,Serbia,1,2019-01-17 02:49:16,2
1019,Brazil,23,,3
1010,United States,4,2023-07-25 13:26:42,1
1017,Philippines,28,2018-10-24 00:58:33,3
1019,China,35,2017-03-12 19:35:20,3
1019,Vietnam,47,2022-01-02 19:28:09,3
1017,China,36,2023-02-02 12:43:03,3
1022,Thailand,30,2015-10-07 01:32:16,3
1008,Philippines,17,2023-05-07 18:21:33,2
1013,Brazil,4,2019-12-28 13:04:25,2
1027,Democratic Republic of the Congo,6,,1
1020,Colombia,25,2022-09-10 01:11:45,3
1023,China,14,2015-12-24 18:02:57,2
1028,Colombia,33,2022-05-28 06:22:54,3
1009,Yemen,2,2017-02-13 22:28:35,2
1010,Japan,11,2017-05-28 10:15:22,2
1000,Poland,18,,2
1006,France,14,2019-04-21 02:54:36,2
1013,Portugal,22,2016-09-18 21:30:17,3
1023,Sweden,6,2015-08-24 04:07:01,2
1015,China,11,2016-07-07 11:43:00,2
1015,Panama,3,2017-09-08 02:16:06,2
1034,Albania,38,,3
1011,Russia,42,2018-05-31 16:26:52,3
1005,Russia,10,2017-06-02 00:26:11,2
1027,Russia,37,2018-07-26 12:52:38,3
1030,Azerbaijan,31,2021-06-04 16:09:04,3
1028,Madagascar,41,2022-05-16 13:03:57,3
1008,Philippines,30,2018-06-18 17:28:20,3
1026,China,14,2019-07-04 11:12:42,2
1015,China,27,2022-09-03 23:34:36,3
1021,Nicaragua,28,2023-02-25 09:03:00,3
1012,Palestinian Territory,46,2023-11-22 11:59:22,3
1006,United States,28,2016-10-22 02:03:37,3
1003,China,41,2021-03-26 05:54:30,3
1033,China,13,2015-10-07 22:01:00,2
1034,Paraguay,46,,3
1005,Indonesia,11,2023-06-18 10:49:44,2
1017,China,32,2023-11-29 15:03:30,3
1003,Philippines,31,2018-08-24 18:36:18,3
1022,Honduras,23,2015-10-18 21:49:54,3
1029,Poland,16,2023-05-05 00:44:58,2
1025,Norway,45,2022-02-27 08:17:48,3
1006,China,39,2017-06-24 00:21:31,3
1015,Indonesia,10,2021-04-13 13:12:32,2
1027,China,15,2024-01-28 11:07:16,2
1014,Micronesia,31,2024-02-05 19:01:42,3
1024,Sweden,41,,3
1030,Uruguay,7,2023-01-05 16:56:40,1
1020,Brazil,41,2019-03-26 17:29:29,3
1032,China,43,2019-07-13 03:19:57,3
1022,China,28,2018-12-28 01:00:26,3
1012,China,44,2023-09-06 08:20:34,3
1005,China,17,,2
1011,Brazil,34,2016-07-04 17:26:59,3
1012,Philippines,28,2016-07-24 03:19:51,3
1023,Colombia,41,,3
1024,Venezuela,43,2019-09-07 00:29:40,3
1019,China,12,,2
1032,Philippines,13,,2
1026,Sweden,43,2016-08-05 05:18:48,3
1009,China,37,2022-12-30 11:06:14,3
1005,Indonesia,40,2024-02-22 21:48:12,3
1008,Nicaragua,2,2024-01-03 19:42:52,1
1007,Ukraine,28,2021-04-06 11:59:11,3
1002,Brazil,44,2021-12-03 20:53:17,3
1029,Indonesia,23,2017-07-25 12:05:05,3
1004,Philippines,19,2017-12-07 02:34:09,2
1002,China,13,2017-04-12 05:43:31,2
1034,China,47,2024-02-26 18:34:13,3
1007,Australia,47,,3
1029,Sweden,23,2023-02-25 20:24:38,3
1029,Indonesia,29,2018-10-13 11:31:00,3
1020,China,15,2023-01-23 19:57:57,2
1033,China,2,2023-05-18 13:42:34,1
1000,Latvia,17,2019-05-13 01:22:32,2
1019,China,34,2022-06-30 20:08:35,3
1023,Peru,4,2017-12-25 07:22:00,2
1033,Colombia,45,2019-05-08 18:45:08,3
1021,Belarus,29,,3
1014,Argentina,29,2019-09-03 15:20:54,3
1023,Argentina,30,2017-04-21 15:37:05,3
1011,Poland,4,2022-08-08 23:07:02,1
1020,Brazil,5,2016-09-08 07:02:09,2
1017,Nepal,16,2018-09-01 22:16:11,2
1024,Argentina,29,2015-07-24 07:53:24,3
1023,China,18,,2
1029,Georgia,21,,3
1004,Philippines,11,2019-05-09 04:46:32,2
1018,Zimbabwe,8,2019-05-30 02:47:41,2
1022,Russia,7,2016-02-12 21:47:07,2
1012,Portugal,4,,1
1016,Canada,36,,3
1018,Norway,33,2018-08-27 20:40:07,3
1025,Russia,28,2017-10-02 15:45:01,3
1009,Russia,25,2016-12-30 16:54:32,3
1024,Ukraine,20,2021-04-04 20:08:28,2
1001,Niger,2,,1
1002,Azerbaijan,34,2018-04-23 20:10:17,3
1011,United States,39,2022-12-05 04:34:00,3
1032,Argentina,34,2017-06-28 03:43:47,3
1012,Niger,13,2016-02-29 01:21:52,2
1025,Kenya,8,2023-07-03 20:01:55,1
1004,Greece,4,2019-08-30 00:56:25,2
1015,France,21,2017-05-13 15:25:38,3
1016,China,35,2018-06-11 14:15:48,3
1008,Japan,38,2021-03-07 18:36:39,3
1024,Macedonia,12,2016-10-22 15:54:51,2
1025,Finland,42,2023-07-26 07:19:31,3
1024,China,28,2017-04-02 00:05:40,3
1018,Bulgaria,20,2016-01-07 15:09:55,2
1033,Croatia,14,2016-05-27 13:13:55,2
1023,Russia,41,2023-05-13 23:02:32,3
1000,Canada,25,2021-03-28 02:43:13,3
1022,Japan,31,2019-11-25 20:22:15,3
1008,Uruguay,40,2018-01-25 03:23:19,3
1005,Indonesia,34,2023-08-21 02:13:25,3
1005,China,26,2016-10-06 11:20:22,3
1012,Syria,19,2016-07-19 21:48:30,2
1018,Poland,28,2023-01-08 22:26:35,3
1012,China,35,,3
1010,Indonesia,37,2022-09-05 04:04:21,3
1008,Saudi Arabia,14,2016-01-11 20:55:52,2
1007,Indonesia,3,2023-06-29 06:05:13,1
1011,Indonesia,4,,1
1005,China,42,2017-06-05 20:48:04,3
1003,Brazil,15,2022-07-30 05:07:18,2
1007,Russia,16,2018-11-02 09:08:59,2
1035,Ukraine,5,2018-03-17 22:14:01,2
1026,Malaysia,47,2017-01-24 12:04:24,3
1020,Senegal,24,2022-01-14 01:17:03,3
1025,Philippines,23,,3
1000,Thailand,3,2021-09-23 16:22:29,2
1010,Brazil,14,2015-11-24 15:49:46,2
1010,Russia,24,2021-03-08 11:18:18,3
1003,Brazil,34,2023-11-01 22:31:43,3
1028,Laos,41,2022-04-24 01:11:07,3
1029,Malaysia,12,2016-06-22 17:28:38,2
1000,Central African Republic,29,2016-11-21 13:55:19,3
1001,Kazakhstan,29,2016-10-03 06:42:35,3
1022,Philippines,20,2023-01-29 15:21:13,2
1001,Cuba,19,2019-04-22 12:03:33,2
1035,China,1,2015-12-10 19:32:42,2
1034,Sweden,29,2015-12-06 09:26:45,3
1022,Canada,18,2021-12-01 21:00:31,2
1023,Afghanistan,1,2021-03-24 08:24:39,2
1025,Brazil,43,2018-04-10 22:44:01,3
1014,Brazil,46,2023-04-28 22:14:35,3
1033,Indonesia,16,2015-04-12 19:24:27,2
1032,Indonesia,27,2017-03-14 10:37:42,3
1012,United States,39,2019-01-04 11:25:35,3
1013,United States,45,2016-12-23 08:08:18,3
1000,China,8,2019-11-17 13:19:45,2
1029,China,29,2019-08-01 01:57:17,3
1015,Russia,27,2018-03-26 04:09:50,3
1012,Portugal,38,2016-07-02 12:38:53,3
1031,Brazil,17,,2
1003,Japan,29,2019-07-29 01:51:20,3
1006,Czech Republic,3,2019-02-07 20:15:26,2
1025,China,38,2023-07-24 08:55:57,3
1004,China,27,2015-11-26 10:22:25,3
1009,Russia,11,2022-05-31 17:01:28,2
1035,Greece,20,2023-01-26 22:27:32,2
1012,Tunisia,44,2023-10-14 08:57:27,3
1004,Tanzania,37,2017-08-18 10:48:16,3
1011,Sweden,35,2023-05-17 02:14:53,3
1012,France,10,2021-09-13 06:01:51,2
1025,Chile,21,2015-12-26 10:14:32,3
1021,Russia,13,2019-10-14 21:10:48,2
1021,Malaysia,5,2015-12-20 21:34:42,2
1017,China,19,2017-05-30 00:13:51,2
1009,Indonesia,42,2023-02-23 03:49:18,3
1017,China,28,2024-01-05 08:11:06,3
1001,Russia,29,2015-06-06 12:28:13,3
1010,China,39,2017-07-14 01:01:54,3
1005,China,9,2023-09-20 15:48:57,1
1021,China,12,2017-12-11 03:37:54,2
1018,France,44,2023-02-08 15:29:06,3
1028,Indonesia,45,2022-06-02 14:18:12,3
1034,Indonesia,5,2021-08-28 08:31:30,2
1007,South Korea,41,2019-03-23 13:48:50,3
1031,China,13,2022-02-12 15:44:54,2
1023,Belarus,28,2016-08-09 13:45:00,3
1028,Russia,14,2021-05-11 22:07:18,2
1025,Comoros,10,2019-10-02 16:00:30,2
1011,Philippines,23,2022-03-01 11:04:41,3
1013,China,41,2018-10-02 07:01:53,3
1003,China,17,2018-09-29 19:01:40,2
1014,Syria,19,2016-06-30 00:20:57,2
1006,China,6,2015-08-10 02:31:53,2
1007,Indonesia,34,2016-01-08 05:23:39,3
1026,China,17,2016-02-05 10:51:40,2
1000,Philippines,19,2023-08-05 03:05:49,2
1000,Portugal,22,2017-01-05 20:45:59,3
1018,Russia,13,2017-04-08 02:30:09,2
1034,Colombia,20,2017-07-10 07:07:26,2
1010,China,41,2017-11-23 15:14:22,3
1003,Philippines,11,2023-12-13 22:12:15,2
1012,Poland,43,2021-10-01 16:41:08,3
1034,Brazil,46,2022-06-11 11:32:03,3
1026,Reunion,15,2022-04-19 21:09:43,2
1028,Azerbaijan,9,2016-04-04 23:22:14,2
1035,Palestinian Territory,38,2022-12-16 20:37:27,3
1000,Russia,32,2023-08-24 08:15:07,3
1022,Chile,33,2023-06-15 05:56:38,3
1029,Russia,30,2016-05-13 05:37:34,3
1027,Gambia,39,2023-06-01 06:13:12,3
1023,Israel,44,,3
1027,Indonesia,41,2016-06-15 18:53:25,3
1022,Andorra,11,2021-05-24 00:21:40,2
1031,Costa Rica,34,,3
1002,Serbia,43,2023-12-28 11:28:58,3
1020,Czech Republic,10,2019-04-22 00:30:01,2
1000,Sweden,33,2018-09-08 21:55:46,3
1002,Ukraine,42,2018-10-21 01:28:13,3
1011,Philippines,32,2019-04-10 17:31:42,3
1016,Indonesia,35,2018-03-14 22:52:39,3
1000,China,6,2018-12-02 21:54:52,2
1009,United States,35,2015-11-27 07:35:02,3
1016,Philippines,47,2022-12-28 07:13:54,3
1026,China,24,2018-06-06 15:38:34,3
1030,Argentina,7,2016-05-05 21:17:03,2
1035,Azerbaijan,9,2015-11-10 19:29:11,2
1019,Mongolia,11,2019-06-16 17:05:15,2
1001,Sri Lanka,15,2022-01-05 10:16:19,2
1028,China,31,2016-03-19 07:55:33,3
1025,Ukraine,22,2016-01-18 03:21:42,3
1022,Poland,29,2023-08-14 21:30:11,3
1032,Indonesia,30,2015-08-29 20:40:29,3
1031,China,20,,2
1000,South Africa,13,2023-01-22 21:39:17,2
1003,Brazil,8,,1
1009,Russia,13,,2
1000,Venezuela,2,2023-01-13 16:22:26,1
1008,Peru,25,2015-09-06 03:33:30,3
1008,Belarus,44,2019-05-07 23:10:46,3
1025,United States,37,2018-05-27 23:58:21,3
1034,Poland,8,2016-01-17 14:32:33,2
1007,Sweden,9,2017-08-15 11:26:18,2
1026,Dominican Republic,26,2017-12-25 05:57:27,3
1026,Brazil,26,2021-12-12 03:01:58,3
1005,Portugal,32,2022-08-29 12:15:12,3
1012,Armenia,1,2016-02-12 08:34:39,2
1035,North Korea,5,2021-01-22 17:17:35,2
1025,China,28,2024-01-05 16:37:10,3
1007,China,39,2015-03-18 06:34:41,3
1028,Portugal,5,2016-11-12 13:54:37,2
1024,Philippines,39,2019-04-04 20:58:58,3
1033,Indonesia,7,,1
1018,China,29,2021-06-13 14:14:00,3
1002,Indonesia,27,2022-08-29 23:04:01,3
1007,Russia,21,2021-02-14 07:53:04,3
1020,Nigeria,1,,1
1006,Macedonia,3,2024-01-18 11:48:17,1
1028,Japan,48,2021-02-05 03:37:16,3
1000,China,18,2015-06-15 05:32:37,2
1019,Philippines,12,2015-08-21 05:04:18,2
1024,Panama,13,2015-07-11 16:16:38,2
1034,Bosnia and Herzegovina,26,,3
1019,China,41,2023-11-15 13:55:25,3
1014,Philippines,22,2019-11-06 13:02:42,3
1008,China,3,2016-09-24 03:27:44,2
1008,Russia,4,2018-03-22 09:56:10,2
1022,China,21,2021-09-19 09:36:55,3
1024,Brazil,35,2018-12-28 08:35:20,3
1025,Russia,3,2018-08-26 13:42:23,2
1017,Indonesia,7,2018-05-12 09:15:22,2
1019,Czech Republic,15,2018-01-10 13:30:43,2
1034,Philippines,17,2023-11-25 01:41:02,2
1024,South Africa,16,2023-06-29 16:06:53,2
1009,Nigeria,21,2016-08-16 01:46:44,3
1012,Angola,29,2022-10-10 22:54:07,3
1003,Indonesia,30,2015-09-17 14:03:25,3
1014,Thailand,4,,1
